gender,price,clothing_type,color
Female,$30.23,shawl,Teal
Male,$69.52,pajamas,Turquoise
Male,$63.90,joggers,Fuscia
Female,$22.72,bodysuit,Pink
Male,$41.60,cargo pants,Pink
Male,$44.89,joggers,Puce
Female,$23.50,palazzo pants,Indigo
Male,$62.66,flannel shirt,Mauv
Female,$91.33,blouse,Teal
Male,$44.96,cargo pants,Teal
Female,$70.20,polo shirt,Crimson
Male,$74.90,coat,Aquamarine
Female,$88.59,coat,Khaki
Male,$62.73,capri pants,Goldenrod
Male,$54.14,hoodie,Puce
Female,$30.78,vest,Indigo
Male,$81.56,polo shirt,Pink
Male,$67.89,short sleeve tshirt,Purple
Female,$36.24,culottes,Fuscia
Male,$92.97,palazzo pants,Teal
Female,$92.58,poncho,Maroon
Male,$95.78,cargo pants,Goldenrod
Male,$77.39,bodysuit,Crimson
Male,$20.15,blouse,Green
Male,$73.64,turtleneck,Khaki
Male,$29.22,palazzo pants,Mauv
Female,$96.91,tunic,Fuscia
Male,$51.25,kimono,Green
Male,$64.06,parka,Crimson
Male,$70.46,mini skirt,Yellow
Male,$7.17,blazer,Crimson
Male,$15.69,button-up shirt,Mauv
Female,$89.97,coat,Red
Male,$75.55,pencil skirt,Maroon
Female,$65.79,jacket,Yellow
Male,$48.19,jumpsuit,Turquoise
Male,$81.08,jeans,Maroon
Male,$79.52,crop top,Violet
Male,$39.62,blouse,Teal
Female,$29.53,peplum top,Yellow
Male,$94.05,peplum top,Aquamarine
Female,$64.56,overalls,Yellow
Female,$77.94,hoodie,Violet
Female,$21.83,shawl,Mauv
Female,$57.46,leggings,Blue
Male,$19.23,cardigan,Red
Female,$5.35,sweatshirt,Puce
Female,$15.83,polo shirt,Maroon
Male,$5.38,tank top,Blue
Male,$75.74,blazer,Teal
Male,$35.75,leggings,Teal
Male,$98.88,peacoat,Crimson
Male,$12.03,culottes,Yellow
Male,$65.51,shrug,Khaki
Female,$47.77,jeans,Indigo
Female,$84.29,mini skirt,Pink
Female,$19.78,jacket,Pink
Female,$95.04,parka,Puce
Male,$51.47,flannel shirt,Aquamarine
Male,$45.11,maxi dress,Red
Male,$54.90,palazzo pants,Turquoise
Male,$15.67,short sleeve tshirt,Yellow
Female,$8.80,flannel shirt,Pink
Female,$29.17,shawl,Blue
Female,$97.58,polo shirt,Red
Female,$31.93,peplum top,Indigo
Male,$23.63,sweater,Blue
Female,$28.76,sweater,Indigo
Male,$24.59,mini skirt,Yellow
Female,$25.48,flannel shirt,Teal
Female,$45.96,poncho,Crimson
Male,$76.95,jacket,Purple
Male,$16.38,poncho,Yellow
Male,$36.68,overalls,Puce
Male,$16.06,pencil skirt,Fuscia
Female,$98.51,skirt,Fuscia
Male,$7.84,polo shirt,Aquamarine
Female,$73.39,blouse,Turquoise
Female,$77.01,denim shorts,Orange
Female,$83.17,dress,Pink
Female,$27.68,parka,Khaki
Male,$26.90,jeans,Aquamarine
Male,$80.73,capri pants,Teal
Male,$18.44,trench coat,Teal
Male,$58.81,sweatshirt,Crimson
Female,$79.68,shawl,Turquoise
Male,$33.21,bodysuit,Mauv
Male,$93.27,blazer,Aquamarine
Female,$99.71,turtleneck,Orange
Female,$12.43,maxi dress,Purple
Female,$15.92,maxi dress,Yellow
Female,$47.00,denim shorts,Fuscia
Female,$91.73,overalls,Turquoise
Male,$37.63,hoodie,Khaki
Female,$29.74,denim shorts,Teal
Female,$37.44,short sleeve tshirt,Violet
Male,$53.59,vest,Violet
Male,$23.42,trench coat,Mauv
Female,$45.37,pantsuit,Indigo
Male,$55.25,dress,Mauv
Male,$71.94,windbreaker,Pink
Female,$10.00,capri pants,Orange
Female,$13.14,peplum top,Yellow
Female,$68.67,crop top,Crimson
Female,$20.17,leggings,Goldenrod
Male,$22.17,coat,Aquamarine
Male,$22.65,jeans,Puce
Female,$79.62,sweater,Green
Male,$97.41,coat,Orange
Male,$71.75,bodysuit,Red
Male,$19.73,jeans,Yellow
Female,$17.46,sweater,Green
Female,$63.50,culottes,Khaki
Male,$12.28,windbreaker,Blue
Female,$43.40,cargo pants,Violet
Male,$58.90,peacoat,Khaki
Male,$20.85,dress,Aquamarine
Male,$35.67,mini skirt,Khaki
Female,$93.94,shrug,Blue
Female,$52.19,maxi dress,Turquoise
Male,$8.65,parka,Blue
Female,$47.61,capri pants,Mauv
Female,$37.08,blazer,Orange
Male,$70.44,joggers,Indigo
Female,$31.54,palazzo pants,Violet
Female,$40.49,romper,Purple
Female,$54.63,polo shirt,Turquoise
Male,$23.70,short sleeve tshirt,Khaki
Female,$67.27,peacoat,Khaki
Female,$20.97,leggings,Green
Female,$39.51,romper,Orange
Female,$99.78,jacket,Yellow
Male,$51.20,short sleeve tshirt,Turquoise
Male,$54.99,parka,Yellow
Male,$13.51,jeans,Indigo
Female,$23.43,pantsuit,Maroon
Female,$34.61,blouse,Fuscia
Female,$86.97,windbreaker,Red
Female,$63.99,trench coat,Pink
Male,$26.64,blazer,Mauv
Male,$9.20,cargo pants,Violet
Male,$86.16,hoodie,Teal
Female,$60.32,leggings,Aquamarine
Female,$40.27,dress,Khaki
Male,$9.97,tunic,Khaki
Male,$39.24,mini skirt,Maroon
Female,$44.06,mini skirt,Green
Female,$34.10,cargo pants,Goldenrod
Male,$44.09,maxi dress,Indigo
Female,$57.97,long sleeve tshirt,Maroon
Male,$88.40,pajamas,Violet
Female,$60.34,vest,Yellow
Male,$40.74,leggings,Yellow
Female,$16.03,dress,Maroon
Female,$92.99,poncho,Maroon
Female,$70.60,hoodie,Red
Male,$28.92,skirt,Yellow
Male,$67.83,pencil skirt,Blue
Male,$66.69,poncho,Blue
Male,$84.30,jeans,Yellow
Male,$45.95,dress,Teal
Male,$38.79,cardigan,Aquamarine
Female,$27.93,palazzo pants,Goldenrod
Female,$35.19,blouse,Indigo
Female,$85.80,button-up shirt,Goldenrod
Female,$58.20,coat,Mauv
Female,$99.67,shrug,Aquamarine
Female,$10.75,overalls,Aquamarine
Female,$79.34,maxi dress,Indigo
Male,$92.50,polo shirt,Fuscia
Female,$23.58,sweater,Purple
Male,$60.85,peacoat,Goldenrod
Female,$42.50,palazzo pants,Crimson
Male,$95.70,polo shirt,Pink
Male,$81.69,maxi dress,Goldenrod
Female,$10.68,pencil skirt,Crimson
Female,$47.55,romper,Indigo
Male,$87.85,hoodie,Pink
Female,$78.43,jacket,Yellow
Male,$72.95,peplum top,Aquamarine
Male,$14.18,shawl,Red
Male,$32.19,peplum top,Yellow
Female,$12.80,palazzo pants,Crimson
Female,$96.52,flannel shirt,Yellow
Male,$65.15,denim shorts,Puce
Female,$97.75,leggings,Pink
Male,$62.00,joggers,Goldenrod
Male,$32.87,mini skirt,Blue
Male,$5.83,windbreaker,Pink
Female,$47.72,tunic,Teal
Male,$20.51,trench coat,Goldenrod
Female,$49.20,pajamas,Turquoise
Male,$58.92,bodysuit,Blue
Female,$66.59,leggings,Aquamarine
Male,$23.98,capri pants,Aquamarine
Female,$91.06,short sleeve tshirt,Mauv
Female,$64.73,maxi dress,Blue
Female,$30.44,peacoat,Purple
Female,$15.17,maxi dress,Yellow
Female,$40.55,maxi dress,Purple
Female,$22.15,coat,Maroon
Female,$64.34,pajamas,Aquamarine
Female,$71.76,palazzo pants,Blue
Male,$54.79,button-up shirt,Aquamarine
Male,$40.63,blouse,Orange
Female,$36.61,flannel shirt,Orange
Female,$51.22,short sleeve tshirt,Mauv
Female,$41.84,crop top,Pink
Female,$40.79,culottes,Maroon
Female,$51.30,short sleeve tshirt,Maroon
Female,$30.53,poncho,Indigo
Female,$61.02,culottes,Green
Female,$65.58,pajamas,Pink
Male,$28.86,polo shirt,Orange
Male,$72.19,bomber jacket,Yellow
Male,$52.88,turtleneck,Blue
Female,$80.25,shrug,Khaki
Female,$6.77,short sleeve tshirt,Pink
Female,$66.62,kimono,Khaki
Male,$31.78,dress,Maroon
Male,$58.68,mini skirt,Khaki
Male,$18.76,denim shorts,Violet
Female,$41.12,polo shirt,Maroon
Female,$47.89,pencil skirt,Violet
Male,$30.06,shawl,Fuscia
Male,$17.97,palazzo pants,Goldenrod
Male,$55.76,trench coat,Yellow
Female,$65.28,cargo pants,Purple
Male,$81.67,hoodie,Puce
Female,$37.74,turtleneck,Purple
Female,$64.48,skirt,Khaki
Male,$34.26,windbreaker,Yellow
Male,$32.80,windbreaker,Mauv
Male,$11.53,blazer,Khaki
Female,$82.00,romper,Teal
Male,$56.06,tunic,Maroon
Male,$78.88,tunic,Khaki
Female,$69.39,vest,Blue
Male,$57.38,maxi dress,Purple
Female,$21.60,jacket,Teal
Female,$44.55,joggers,Red
Female,$80.40,polo shirt,Aquamarine
Female,$5.17,skirt,Blue
Female,$72.78,blouse,Mauv
Female,$98.59,short sleeve tshirt,Puce
Male,$48.03,jeans,Mauv
Male,$70.28,maxi dress,Yellow
Female,$35.56,parka,Indigo
Male,$15.53,coat,Yellow
Female,$82.80,turtleneck,Indigo
Male,$70.66,vest,Yellow
Male,$99.41,capri pants,Pink
Female,$21.73,bodysuit,Turquoise
Male,$36.47,bodysuit,Maroon
Male,$55.06,denim shorts,Goldenrod
Male,$63.15,pajamas,Goldenrod
Male,$10.97,vest,Goldenrod
Male,$80.48,overalls,Goldenrod
Male,$18.40,palazzo pants,Aquamarine
Male,$10.97,windbreaker,Indigo
Female,$77.31,dress,Violet
Male,$58.41,tank top,Teal
Female,$16.73,dress,Pink
Male,$76.77,leggings,Purple
Male,$50.16,mini skirt,Violet
Male,$97.25,coat,Goldenrod
Male,$68.16,peacoat,Crimson
Female,$73.84,flannel shirt,Mauv
Female,$78.57,culottes,Red
Female,$59.47,palazzo pants,Crimson
Female,$45.61,skirt,Turquoise
Male,$79.00,tunic,Blue
Male,$70.69,overalls,Teal
Male,$84.62,dress,Puce
Female,$40.66,culottes,Teal
Female,$65.93,coat,Blue
Female,$56.75,blouse,Turquoise
Female,$30.73,cargo pants,Pink
Male,$75.47,capri pants,Purple
Female,$90.07,tunic,Teal
Female,$64.70,pencil skirt,Orange
Female,$13.45,sweater,Maroon
Female,$55.78,turtleneck,Goldenrod
Male,$78.85,skirt,Crimson
Male,$52.23,jacket,Purple
Female,$48.17,sweater,Green
Female,$97.99,pencil skirt,Purple
Female,$51.50,sweatshirt,Khaki
Male,$28.26,peplum top,Purple
Male,$32.41,jacket,Yellow
Male,$78.27,vest,Goldenrod
Male,$72.72,pencil skirt,Fuscia
Male,$93.66,blazer,Yellow
Male,$41.70,jeans,Purple
Male,$12.31,tunic,Crimson
Female,$8.49,blazer,Blue
Female,$15.60,jumpsuit,Pink
Female,$26.99,pajamas,Teal
Female,$84.54,sweater,Maroon
Female,$25.57,flannel shirt,Maroon
Male,$73.86,pencil skirt,Red
Female,$22.74,bomber jacket,Orange
Female,$80.98,parka,Purple
Female,$62.22,pencil skirt,Yellow
Male,$66.75,overalls,Khaki
Female,$77.99,pencil skirt,Purple
Female,$17.52,palazzo pants,Teal
Male,$62.59,mini skirt,Mauv
Female,$75.77,short sleeve tshirt,Puce
Female,$33.31,button-up shirt,Khaki
Male,$7.98,blazer,Maroon
Female,$5.28,jumpsuit,Indigo
Female,$14.83,skirt,Goldenrod
Female,$53.81,romper,Red
Male,$47.53,capri pants,Purple
Male,$87.65,pantsuit,Goldenrod
Female,$88.23,hoodie,Indigo
Female,$85.35,button-up shirt,Green
Female,$94.46,pantsuit,Purple
Male,$97.02,palazzo pants,Green
Male,$93.17,tank top,Teal
Male,$99.53,cargo pants,Orange
Female,$11.28,vest,Red
Female,$14.68,jumpsuit,Maroon
Female,$58.68,jeans,Goldenrod
Male,$44.61,peplum top,Aquamarine
Male,$41.78,pantsuit,Red
Male,$45.59,turtleneck,Turquoise
Male,$52.50,blouse,Puce
Female,$83.74,tank top,Violet
Female,$5.71,dress,Red
Female,$54.05,jacket,Purple
Male,$83.03,maxi dress,Crimson
Female,$28.43,button-up shirt,Blue
Female,$47.48,cardigan,Blue
Male,$45.83,peplum top,Blue
Female,$73.24,polo shirt,Red
Female,$71.71,tank top,Pink
Male,$19.10,jumpsuit,Green
Male,$33.38,jumpsuit,Crimson
Male,$26.74,pajamas,Red
Male,$67.74,polo shirt,Pink
Female,$58.11,jacket,Aquamarine
Male,$75.09,bodysuit,Violet
Male,$91.71,maxi dress,Indigo
Male,$48.24,peacoat,Yellow
Female,$76.49,culottes,Puce
Female,$79.41,leggings,Crimson
Female,$9.65,culottes,Mauv
Female,$55.07,bodysuit,Pink
Female,$17.15,cargo pants,Blue
Male,$48.65,long sleeve tshirt,Goldenrod
Female,$42.94,vest,Yellow
Male,$30.10,cargo pants,Turquoise
Female,$34.46,jacket,Goldenrod
Male,$44.38,sweatshirt,Maroon
Female,$11.86,pajamas,Green
Male,$52.90,peplum top,Violet
Female,$97.48,flannel shirt,Blue
Male,$67.10,pencil skirt,Fuscia
Male,$7.13,bodysuit,Puce
Male,$56.97,coat,Teal
Male,$86.09,jumpsuit,Khaki
Male,$23.99,windbreaker,Puce
Male,$43.12,blouse,Turquoise
Male,$11.64,tank top,Green
Female,$93.40,cargo pants,Maroon
Male,$77.08,jumpsuit,Green
Male,$32.31,sweatshirt,Puce
Female,$53.27,peplum top,Khaki
Female,$33.57,jeans,Orange
Male,$72.66,joggers,Yellow
Male,$54.89,peplum top,Indigo
Male,$23.44,jacket,Blue
Female,$97.45,overalls,Aquamarine
Male,$59.91,bodysuit,Maroon
Female,$29.87,pantsuit,Khaki
Female,$29.70,jeans,Puce
Male,$11.61,vest,Puce
Female,$26.79,denim shorts,Orange
Male,$77.78,crop top,Maroon
Female,$65.95,mini skirt,Pink
Female,$82.21,palazzo pants,Violet
Male,$55.94,shawl,Maroon
Female,$24.63,vest,Fuscia
Female,$15.56,pajamas,Teal
Female,$7.29,skirt,Indigo
Male,$45.99,bomber jacket,Yellow
Female,$6.94,pencil skirt,Purple
Male,$45.04,blouse,Yellow
Male,$41.47,skirt,Red
Female,$91.87,dress,Blue
Male,$35.64,cardigan,Blue
Female,$74.02,tank top,Blue
Male,$60.35,pencil skirt,Turquoise
Female,$6.16,bomber jacket,Blue
Female,$72.48,denim shorts,Green
Male,$58.59,shrug,Orange
Female,$13.05,sweater,Green
Male,$76.05,jeans,Blue
Male,$98.15,cargo pants,Blue
Male,$18.81,blazer,Mauv
Female,$11.99,mini skirt,Teal
Female,$99.18,pencil skirt,Indigo
Female,$42.80,mini skirt,Goldenrod
Male,$12.21,jacket,Puce
Male,$68.87,leggings,Pink
Female,$9.56,cargo pants,Crimson
Female,$12.18,skirt,Turquoise
Female,$89.91,bodysuit,Orange
Male,$19.27,button-up shirt,Violet
Female,$89.73,shawl,Indigo
Female,$55.11,peplum top,Purple
Male,$94.50,blazer,Mauv
Male,$74.23,cardigan,Turquoise
Male,$80.33,polo shirt,Orange
Male,$34.85,crop top,Khaki
Male,$56.17,maxi dress,Teal
Male,$53.43,button-up shirt,Maroon
Male,$37.67,dress,Fuscia
Male,$90.84,long sleeve tshirt,Green
Male,$24.65,button-up shirt,Purple
Male,$77.79,tunic,Aquamarine
Female,$64.70,blazer,Indigo
Male,$87.21,shawl,Green
Male,$9.99,leggings,Turquoise
Female,$59.53,crop top,Green
Female,$48.14,bodysuit,Purple
Female,$71.27,pantsuit,Purple
Male,$30.25,overalls,Puce
Male,$62.67,shrug,Turquoise
Male,$37.35,windbreaker,Aquamarine
Female,$73.62,jeans,Pink
Female,$95.43,blouse,Teal
Female,$83.99,button-up shirt,Turquoise
Female,$95.83,palazzo pants,Turquoise
Female,$84.46,pantsuit,Green
Male,$39.19,peplum top,Maroon
Male,$83.11,tank top,Indigo
Male,$23.79,flannel shirt,Orange
Female,$58.18,leggings,Teal
Female,$8.73,palazzo pants,Maroon
Female,$50.38,jacket,Turquoise
Male,$95.48,jeans,Indigo
Male,$51.38,turtleneck,Puce
Male,$70.38,crop top,Turquoise
Male,$61.10,pencil skirt,Red
Male,$34.37,peacoat,Green
Male,$94.14,poncho,Crimson
Male,$36.60,short sleeve tshirt,Maroon
Female,$79.82,peplum top,Indigo
Female,$50.61,maxi dress,Khaki
Female,$53.67,cardigan,Green
Female,$92.10,dress,Turquoise
Male,$40.40,tank top,Aquamarine
Male,$38.30,cargo pants,Puce
Male,$50.27,hoodie,Orange
Female,$12.99,long sleeve tshirt,Mauv
Male,$57.21,peplum top,Mauv
Female,$49.25,vest,Goldenrod
Male,$11.21,windbreaker,Orange
Female,$68.06,peplum top,Teal
Male,$59.88,denim shorts,Green
Female,$44.48,mini skirt,Violet
Male,$93.14,button-up shirt,Pink
Male,$31.08,capri pants,Purple
Male,$66.45,tank top,Maroon
Female,$25.85,vest,Red
Female,$31.47,romper,Orange
Female,$16.10,jumpsuit,Green
Male,$20.09,sweater,Teal
Female,$76.96,shrug,Blue
Male,$69.68,cardigan,Mauv
Female,$24.32,dress,Red
Female,$67.64,bomber jacket,Maroon
Female,$97.22,windbreaker,Crimson
Male,$15.06,vest,Puce
Male,$88.48,palazzo pants,Aquamarine
Male,$37.91,dress,Green
Male,$72.09,hoodie,Maroon
Male,$76.67,palazzo pants,Pink
Male,$92.60,blazer,Fuscia
Male,$27.94,poncho,Aquamarine
Male,$24.15,kimono,Yellow
Female,$40.99,flannel shirt,Pink
Female,$96.27,parka,Fuscia
Male,$52.29,pajamas,Maroon
Female,$62.67,short sleeve tshirt,Goldenrod
Male,$30.69,dress,Turquoise
Male,$67.09,jumpsuit,Aquamarine
Male,$85.96,pajamas,Orange
Male,$36.36,poncho,Mauv
Male,$69.92,pantsuit,Blue
Male,$37.80,sweatshirt,Purple
Male,$95.46,kimono,Purple
Female,$75.84,polo shirt,Maroon
Male,$39.47,peacoat,Violet
Male,$92.44,cargo pants,Yellow
Male,$58.75,sweater,Yellow
Male,$97.75,hoodie,Violet
Male,$73.60,button-up shirt,Puce
Female,$43.51,pajamas,Violet
Female,$64.23,blazer,Goldenrod
Female,$50.41,long sleeve tshirt,Purple
Female,$60.61,crop top,Khaki
Male,$94.79,joggers,Mauv
Female,$24.80,maxi dress,Indigo
Male,$68.61,mini skirt,Turquoise
Female,$20.33,polo shirt,Green
Male,$43.46,capri pants,Orange
Female,$65.94,windbreaker,Turquoise
Female,$33.51,shrug,Yellow
Female,$41.33,tank top,Puce
Female,$14.51,maxi dress,Mauv
Male,$94.03,tunic,Mauv
Male,$79.38,bomber jacket,Mauv
Female,$24.06,pantsuit,Crimson
Female,$11.22,pencil skirt,Aquamarine
Female,$88.62,hoodie,Puce
Female,$30.98,windbreaker,Mauv
Male,$38.77,bomber jacket,Indigo
Female,$75.30,flannel shirt,Pink
Female,$90.62,trench coat,Aquamarine
Male,$9.64,windbreaker,Purple
Male,$78.39,palazzo pants,Aquamarine
Female,$76.99,trench coat,Khaki
Female,$15.70,kimono,Aquamarine
Female,$89.66,parka,Crimson
Female,$74.43,crop top,Teal
Male,$77.62,jacket,Orange
Female,$47.11,coat,Mauv
Female,$13.93,maxi dress,Orange
Female,$39.97,tank top,Red
Male,$30.00,kimono,Puce
Female,$75.15,cargo pants,Teal
Female,$59.98,shawl,Khaki
Male,$23.70,jumpsuit,Maroon
Male,$29.44,jumpsuit,Violet
Male,$38.50,kimono,Blue
Female,$92.17,pantsuit,Indigo
Male,$19.29,bomber jacket,Purple
Female,$57.17,romper,Green
Male,$71.42,blazer,Orange
Male,$87.39,jumpsuit,Fuscia
Male,$62.69,tunic,Green
Male,$35.39,overalls,Purple
Male,$24.54,button-up shirt,Khaki
Male,$37.24,button-up shirt,Maroon
Male,$5.01,romper,Yellow
Male,$14.85,short sleeve tshirt,Khaki
Female,$37.31,sweater,Crimson
Female,$16.54,romper,Fuscia
Female,$21.92,jeans,Puce
Male,$94.47,kimono,Mauv
Female,$99.02,trench coat,Khaki
Female,$41.22,pencil skirt,Teal
Female,$19.31,peacoat,Purple
Female,$49.23,tunic,Turquoise
Female,$42.70,dress,Blue
Female,$66.54,short sleeve tshirt,Indigo
Female,$76.36,overalls,Violet
Female,$18.88,pencil skirt,Turquoise
Male,$35.69,denim shorts,Goldenrod
Female,$16.28,sweater,Maroon
Female,$32.80,windbreaker,Teal
Female,$94.07,coat,Khaki
Female,$34.94,pajamas,Turquoise
Female,$58.51,long sleeve tshirt,Orange
Female,$61.20,coat,Red
Female,$36.38,shrug,Mauv
Female,$90.73,culottes,Turquoise
Male,$49.13,poncho,Aquamarine
Male,$15.21,flannel shirt,Blue
Female,$95.83,jacket,Pink
Female,$80.53,jacket,Pink
Female,$93.94,sweater,Pink
Female,$23.59,cargo pants,Puce
Female,$36.43,hoodie,Pink
Female,$79.29,joggers,Aquamarine
Female,$94.23,joggers,Violet
Male,$79.49,flannel shirt,Khaki
Female,$46.05,shrug,Goldenrod
Female,$64.59,button-up shirt,Purple
Male,$53.06,mini skirt,Violet
Male,$63.94,poncho,Teal
Male,$66.08,poncho,Violet
Female,$23.20,overalls,Khaki
Female,$59.26,skirt,Red
Male,$77.72,trench coat,Blue
Male,$49.25,flannel shirt,Turquoise
Male,$10.04,kimono,Red
Female,$30.66,polo shirt,Pink
Female,$23.67,shawl,Yellow
Male,$63.32,jumpsuit,Crimson
Female,$43.64,parka,Fuscia
Female,$19.17,pantsuit,Crimson
Female,$86.47,jacket,Green
Male,$66.59,button-up shirt,Blue
Female,$80.96,blazer,Khaki
Male,$71.92,polo shirt,Green
Female,$7.17,blazer,Orange
Female,$42.72,mini skirt,Orange
Female,$70.79,mini skirt,Maroon
Female,$77.08,polo shirt,Indigo
Male,$88.48,trench coat,Aquamarine
Male,$13.78,leggings,Goldenrod
Male,$46.86,joggers,Green
Female,$21.01,kimono,Turquoise
Female,$32.66,culottes,Violet
Female,$5.94,bomber jacket,Crimson
Female,$96.84,dress,Orange
Male,$85.98,dress,Goldenrod
Female,$37.91,coat,Yellow
Male,$57.33,leggings,Goldenrod
Male,$69.50,short sleeve tshirt,Fuscia
Male,$6.41,vest,Aquamarine
Female,$16.39,long sleeve tshirt,Teal
Female,$9.26,blazer,Goldenrod
Female,$30.03,dress,Crimson
Female,$8.24,capri pants,Puce
Female,$72.02,skirt,Violet
Female,$36.07,trench coat,Red
Female,$39.12,palazzo pants,Yellow
Male,$14.70,windbreaker,Violet
Male,$73.31,shrug,Pink
Male,$74.62,parka,Red
Female,$19.91,pencil skirt,Crimson
Female,$99.58,maxi dress,Orange
Male,$53.63,leggings,Violet
Female,$45.87,pajamas,Goldenrod
Male,$46.85,peplum top,Turquoise
Female,$42.01,button-up shirt,Crimson
Female,$23.16,windbreaker,Yellow
Female,$97.72,turtleneck,Purple
Male,$8.26,skirt,Green
Female,$48.88,tank top,Mauv
Male,$95.35,cargo pants,Yellow
Male,$62.00,pencil skirt,Khaki
Female,$58.19,cargo pants,Blue
Male,$43.98,trench coat,Goldenrod
Female,$41.98,tank top,Crimson
Female,$45.80,poncho,Fuscia
Male,$42.17,crop top,Purple
Female,$12.68,blouse,Goldenrod
Female,$79.25,bomber jacket,Teal
Female,$90.47,mini skirt,Violet
Male,$79.30,shawl,Crimson
Female,$67.48,pajamas,Aquamarine
Male,$91.36,jeans,Goldenrod
Female,$58.87,peplum top,Puce
Female,$47.97,blouse,Teal
Female,$56.56,shrug,Blue
Female,$8.98,romper,Maroon
Male,$30.43,blazer,Fuscia
Male,$80.01,maxi dress,Purple
Male,$71.34,jeans,Turquoise
Female,$46.83,peacoat,Green
Male,$42.46,long sleeve tshirt,Red
Female,$53.54,sweatshirt,Mauv
Male,$74.57,mini skirt,Orange
Female,$62.35,jacket,Indigo
Male,$27.25,cargo pants,Crimson
Female,$43.66,mini skirt,Puce
Male,$56.37,turtleneck,Yellow
Male,$86.93,crop top,Maroon
Male,$29.51,jacket,Puce
Female,$21.99,pencil skirt,Goldenrod
Male,$49.62,overalls,Blue
Female,$54.83,crop top,Mauv
Female,$29.74,maxi dress,Aquamarine
Female,$30.46,bomber jacket,Violet
Male,$40.39,jumpsuit,Goldenrod
Female,$34.79,blouse,Khaki
Female,$79.83,culottes,Purple
Male,$57.66,overalls,Crimson
Female,$88.41,dress,Turquoise
Female,$41.52,button-up shirt,Maroon
Male,$23.32,blouse,Turquoise
Female,$96.87,romper,Goldenrod
Male,$26.69,shawl,Pink
Male,$14.76,long sleeve tshirt,Yellow
Female,$20.87,peplum top,Indigo
Male,$58.93,coat,Crimson
Male,$59.10,windbreaker,Green
Female,$81.95,jumpsuit,Violet
Female,$25.67,shawl,Yellow
Male,$17.47,shawl,Pink
Male,$87.63,pajamas,Pink
Male,$86.96,culottes,Orange
Female,$80.01,romper,Turquoise
Male,$46.23,jacket,Khaki
Male,$39.24,denim shorts,Fuscia
Male,$71.01,poncho,Puce
Male,$76.76,leggings,Pink
Female,$43.26,cargo pants,Orange
Female,$55.28,coat,Puce
Female,$86.44,cargo pants,Aquamarine
Female,$48.45,short sleeve tshirt,Turquoise
Female,$84.78,vest,Teal
Female,$15.34,shawl,Yellow
Female,$43.76,skirt,Orange
Male,$93.72,hoodie,Green
Female,$25.92,peacoat,Khaki
Male,$15.51,jumpsuit,Crimson
Male,$91.77,jeans,Indigo
Male,$7.51,tank top,Blue
Male,$70.64,bomber jacket,Purple
Male,$86.02,turtleneck,Red
Male,$69.76,tank top,Maroon
Female,$6.33,blouse,Violet
Male,$44.10,dress,Fuscia
Male,$13.69,tunic,Teal
Male,$54.01,blouse,Turquoise
Male,$59.60,sweatshirt,Violet
Male,$95.57,tunic,Blue
Male,$52.26,maxi dress,Yellow
Male,$75.16,pajamas,Green
Female,$30.18,kimono,Yellow
Male,$71.76,cardigan,Teal
Male,$28.44,peplum top,Orange
Female,$8.67,maxi dress,Green
Female,$51.94,windbreaker,Violet
Male,$32.33,peplum top,Puce
Female,$85.18,jacket,Red
Female,$91.53,denim shorts,Green
Male,$77.80,sweater,Violet
Male,$41.02,parka,Khaki
Female,$85.69,parka,Green
Female,$28.94,button-up shirt,Teal
Female,$54.47,short sleeve tshirt,Blue
Female,$91.18,tank top,Crimson
Female,$32.26,shrug,Indigo
Female,$94.50,skirt,Teal
Male,$35.34,pencil skirt,Mauv
Female,$66.92,leggings,Goldenrod
Female,$62.82,jumpsuit,Violet
Male,$50.34,pencil skirt,Pink
Male,$63.31,blazer,Purple
Female,$49.30,denim shorts,Red
Female,$84.54,parka,Yellow
Male,$87.96,long sleeve tshirt,Khaki
Male,$18.33,tunic,Indigo
Female,$14.79,shawl,Crimson
Male,$50.25,peacoat,Indigo
Male,$54.22,dress,Red
Male,$99.49,pencil skirt,Khaki
Female,$53.22,crop top,Khaki
Female,$16.26,shrug,Orange
Female,$14.93,short sleeve tshirt,Fuscia
Female,$12.80,pajamas,Yellow
Female,$43.28,dress,Khaki
Male,$40.29,bomber jacket,Goldenrod
Male,$97.18,long sleeve tshirt,Orange
Male,$64.57,leggings,Pink
Male,$45.08,jacket,Teal
Female,$19.18,denim shorts,Teal
Female,$11.48,cardigan,Maroon
Female,$95.87,bomber jacket,Goldenrod
Male,$33.69,maxi dress,Pink
Male,$30.10,peacoat,Red
Female,$62.82,cardigan,Puce
Female,$27.19,windbreaker,Mauv
Female,$66.59,button-up shirt,Yellow
Male,$20.87,peplum top,Puce
Female,$87.69,shrug,Goldenrod
Female,$28.91,bodysuit,Pink
Female,$5.72,windbreaker,Fuscia
Male,$61.89,palazzo pants,Crimson
Male,$37.43,blouse,Turquoise
Female,$22.56,short sleeve tshirt,Maroon
Male,$43.35,sweater,Orange
Female,$99.15,capri pants,Indigo
Female,$15.53,jacket,Khaki
Male,$26.34,romper,Violet
Male,$21.16,overalls,Puce
Female,$87.43,coat,Fuscia
Male,$64.33,long sleeve tshirt,Puce
Male,$54.12,parka,Khaki
Male,$8.64,joggers,Khaki
Female,$99.30,pencil skirt,Mauv
Female,$87.40,mini skirt,Green
Male,$5.90,blazer,Fuscia
Male,$59.98,vest,Mauv
Female,$58.76,shawl,Orange
Female,$16.79,windbreaker,Pink
Female,$70.48,tank top,Maroon
Male,$9.48,long sleeve tshirt,Fuscia
Female,$38.82,vest,Puce
Male,$73.18,peacoat,Fuscia
Female,$11.34,parka,Blue
Female,$54.92,cargo pants,Aquamarine
Male,$29.48,tank top,Aquamarine
Male,$21.76,cargo pants,Aquamarine
Male,$95.76,joggers,Indigo
Female,$73.62,capri pants,Khaki
Male,$35.08,skirt,Aquamarine
Female,$60.50,romper,Red
Female,$80.05,denim shorts,Indigo
Male,$74.59,vest,Orange
Female,$78.31,cardigan,Yellow
Male,$46.38,peacoat,Turquoise
Male,$11.00,polo shirt,Aquamarine
Female,$84.43,peacoat,Turquoise
Female,$76.01,hoodie,Aquamarine
Male,$10.53,pantsuit,Crimson
Male,$67.08,romper,Mauv
Female,$13.34,romper,Green
Female,$52.74,overalls,Red
Female,$45.92,blazer,Khaki
Male,$98.25,short sleeve tshirt,Yellow
Female,$49.72,long sleeve tshirt,Maroon
Female,$11.91,sweater,Orange
Female,$34.35,peacoat,Goldenrod
Female,$36.23,tunic,Puce
Female,$58.53,palazzo pants,Turquoise
Female,$53.77,sweater,Orange
Male,$27.38,kimono,Fuscia
Female,$7.28,pantsuit,Mauv
Male,$60.33,blazer,Purple
Male,$10.34,long sleeve tshirt,Khaki
Male,$14.68,blazer,Goldenrod
Female,$87.55,trench coat,Indigo
Female,$63.16,coat,Khaki
Male,$68.17,jumpsuit,Crimson
Male,$37.47,cargo pants,Teal
Female,$38.91,shawl,Blue
Female,$85.98,culottes,Orange
Male,$65.81,jacket,Aquamarine
Female,$98.98,dress,Blue
Female,$67.07,tunic,Khaki
Male,$37.37,dress,Mauv
Male,$65.68,jacket,Aquamarine
Female,$56.39,romper,Red
Female,$8.30,coat,Blue
Female,$18.17,button-up shirt,Aquamarine
Male,$39.12,long sleeve tshirt,Orange
Female,$90.97,polo shirt,Red
Male,$84.12,polo shirt,Yellow
Female,$26.95,pencil skirt,Pink
Male,$86.63,jeans,Crimson
Male,$72.12,pajamas,Khaki
Female,$25.89,sweater,Maroon
Female,$64.44,hoodie,Indigo
Male,$10.84,shawl,Aquamarine
Female,$28.89,tunic,Fuscia
Female,$74.83,cardigan,Puce
Female,$36.75,flannel shirt,Pink
Female,$38.47,peplum top,Maroon
Female,$32.82,coat,Blue
Female,$54.84,peacoat,Orange
Male,$70.17,sweatshirt,Orange
Male,$20.49,button-up shirt,Teal
Male,$97.69,shawl,Turquoise
Male,$56.64,palazzo pants,Indigo
Female,$88.09,skirt,Puce
Female,$64.09,long sleeve tshirt,Crimson
Female,$93.65,peplum top,Maroon
Female,$55.85,pajamas,Pink
Male,$55.90,maxi dress,Aquamarine
Female,$46.96,cardigan,Violet
Female,$64.06,sweater,Yellow
Female,$43.45,bomber jacket,Yellow
Female,$98.58,pajamas,Yellow
Female,$65.34,joggers,Purple
Female,$69.28,jeans,Crimson
Male,$67.99,skirt,Crimson
Female,$59.80,overalls,Pink
Female,$48.77,long sleeve tshirt,Green
Female,$71.28,palazzo pants,Pink
Female,$83.58,pantsuit,Orange
Male,$67.46,pajamas,Puce
Male,$12.56,mini skirt,Red
Female,$14.33,jeans,Khaki
Female,$41.89,leggings,Yellow
Female,$45.82,hoodie,Khaki
Female,$21.33,parka,Pink
Male,$43.44,joggers,Turquoise
Female,$84.80,crop top,Pink
Female,$63.64,turtleneck,Yellow
Female,$34.86,trench coat,Pink
Male,$8.14,cargo pants,Crimson
Female,$72.12,shawl,Mauv
Male,$49.52,trench coat,Turquoise
Female,$68.20,peplum top,Purple
Female,$81.23,mini skirt,Pink
Male,$47.32,poncho,Goldenrod
Male,$49.95,bodysuit,Green
Male,$30.30,cargo pants,Puce
Male,$11.48,sweater,Pink
Female,$43.21,shawl,Fuscia
Male,$93.78,shawl,Pink
Male,$41.46,romper,Maroon
Female,$30.44,pantsuit,Blue
Female,$69.04,sweatshirt,Khaki
Male,$75.62,coat,Blue
Male,$98.70,long sleeve tshirt,Maroon
Female,$54.60,leggings,Green
Male,$69.19,flannel shirt,Aquamarine
Female,$74.80,polo shirt,Fuscia
Female,$8.34,parka,Purple
Female,$6.75,short sleeve tshirt,Orange
Female,$57.64,tank top,Green
Male,$61.63,tunic,Goldenrod
Female,$71.88,short sleeve tshirt,Green
Female,$88.89,flannel shirt,Purple
Male,$87.51,crop top,Violet
Male,$74.98,skirt,Fuscia
Male,$91.76,dress,Purple
Female,$39.93,pantsuit,Purple
Female,$55.10,skirt,Mauv
Male,$41.53,joggers,Puce
Male,$23.86,denim shorts,Purple
Female,$58.62,tunic,Blue
Female,$86.59,palazzo pants,Green
Female,$11.11,poncho,Teal
Female,$61.93,blazer,Fuscia
Female,$85.53,peacoat,Green
Male,$55.54,cardigan,Red
Male,$23.02,pajamas,Red
Male,$98.46,poncho,Yellow
Female,$94.84,cardigan,Goldenrod
Female,$44.04,crop top,Teal
Male,$6.81,cardigan,Indigo
Female,$21.87,coat,Maroon
Female,$9.47,joggers,Violet
Female,$60.79,romper,Turquoise
Male,$84.65,button-up shirt,Turquoise
Female,$41.14,short sleeve tshirt,Puce
Male,$12.65,shawl,Mauv
Male,$50.45,shawl,Teal
Female,$44.17,bodysuit,Red
Male,$23.57,bomber jacket,Orange
Male,$51.86,tank top,Blue
Female,$91.18,jeans,Turquoise
Male,$84.75,coat,Indigo
Male,$59.50,shrug,Khaki
Male,$97.62,tunic,Aquamarine
Female,$19.61,windbreaker,Yellow
Male,$39.94,tunic,Violet
Male,$88.75,short sleeve tshirt,Purple
Male,$31.85,tunic,Fuscia
Male,$82.86,coat,Orange
Female,$90.45,poncho,Goldenrod
Female,$22.53,sweater,Orange
Male,$87.76,tank top,Pink
Female,$51.14,crop top,Blue
Female,$70.91,sweater,Red
Female,$99.40,skirt,Teal
Female,$32.60,blazer,Crimson
Female,$39.33,flannel shirt,Maroon
Male,$53.43,poncho,Crimson
Male,$86.65,dress,Crimson
Female,$96.28,shrug,Green
Male,$9.97,romper,Aquamarine
Female,$70.13,hoodie,Crimson
Female,$20.23,bodysuit,Yellow
Female,$16.90,hoodie,Violet
Male,$71.47,denim shorts,Puce
Female,$35.11,bomber jacket,Violet
Male,$32.93,button-up shirt,Aquamarine
Male,$89.38,hoodie,Orange
Female,$79.98,jumpsuit,Red
Female,$91.21,button-up shirt,Aquamarine
Male,$39.51,pencil skirt,Mauv
Female,$9.87,flannel shirt,Violet
Female,$59.63,vest,Orange
Female,$33.16,flannel shirt,Mauv
Female,$98.61,turtleneck,Turquoise
Male,$78.00,overalls,Khaki
Female,$57.03,pantsuit,Green
Male,$61.16,blazer,Fuscia
Female,$25.11,mini skirt,Crimson
Female,$11.98,dress,Crimson
Male,$91.12,jeans,Pink
Male,$6.55,cardigan,Orange
Female,$48.24,cardigan,Puce
Male,$95.51,palazzo pants,Teal
Male,$93.76,shawl,Mauv
Female,$36.34,leggings,Khaki
Male,$83.55,flannel shirt,Violet
Male,$64.65,sweatshirt,Fuscia
Female,$84.81,cargo pants,Puce
Male,$7.46,short sleeve tshirt,Crimson
Female,$43.88,sweatshirt,Maroon
Male,$98.06,turtleneck,Violet
Male,$46.72,joggers,Pink
Male,$7.83,shawl,Aquamarine
Male,$60.46,culottes,Violet
Male,$83.08,coat,Blue
Male,$37.38,culottes,Violet
Female,$39.35,palazzo pants,Turquoise
Male,$46.60,turtleneck,Orange
Male,$41.85,peacoat,Maroon
Female,$26.58,sweater,Green
Male,$14.05,short sleeve tshirt,Aquamarine
Female,$38.73,coat,Indigo
Female,$8.75,shrug,Pink
Female,$28.60,denim shorts,Khaki
Female,$44.00,pajamas,Turquoise
Female,$42.09,culottes,Green
